-- phpMyAdmin SQL Dump
-- version 5.2.1
-- https://www.phpmyadmin.net/
--
-- Host: 127.0.0.1
-- Generation Time: Jun 12, 2024 at 07:40 PM
-- Server version: 10.4.28-MariaDB
-- PHP Version: 8.2.4

SET SQL_MODE = "NO_AUTO_VALUE_ON_ZERO";
START TRANSACTION;
SET time_zone = "+00:00";


/*!40101 SET @OLD_CHARACTER_SET_CLIENT=@@CHARACTER_SET_CLIENT */;
/*!40101 SET @OLD_CHARACTER_SET_RESULTS=@@CHARACTER_SET_RESULTS */;
/*!40101 SET @OLD_COLLATION_CONNECTION=@@COLLATION_CONNECTION */;
/*!40101 SET NAMES utf8mb4 */;

--
-- Database: `tbc_database`
--

-- --------------------------------------------------------

--
-- Table structure for table `indications`
--

CREATE TABLE `indications` (
  `indication_code` varchar(255) NOT NULL,
  `indication_name` varchar(255) DEFAULT NULL
) ENGINE=InnoDB DEFAULT CHARSET=utf8mb4 COLLATE=utf8mb4_general_ci;

--
-- Dumping data for table `indications`
--

INSERT INTO `indications` (`indication_code`, `indication_name`) VALUES
('G01', 'Penurunan berat badan'),
('G02', 'Demam'),
('G03', 'Batuk berulang disertai dahak'),
('G04', 'Berkeringat pada malam hari'),
('G05', 'Nyeri dada'),
('G06', 'Sesak napas'),
('G07', 'Pembengkakan pada beberapa daerah seperti leher, ketiak, atau selangkangan'),
('G08', 'Muncul kemerahan pada kulit di daerah pembengkakan'),
('G09', 'Nyeri atau sakit pada area munculnya pembengkakan'),
('G10', 'Penurunan nafsu makan'),
('G11', 'Mual dan muntah'),
('G12', 'Sakit perut yang hilang timbul'),
('G13', 'Diare lebih dari 2 minggu'),
('G14', 'Buang air besar berdarah'),
('G15', 'Nyeri pada tulang atau sendi'),
('G16', 'Pembengkakan pada tulang atau sendi'),
('G17', 'Kekakuan pada tulang belakang'),
('G18', 'Keterbatasan gerakan'),
('G19', 'Kelemahan otot'),
('G20', 'Sakit kepala'),
('G21', 'Kejang'),
('G22', 'Kehilangan kesadaran'),
('G23', 'Batuk berdahak'),
('G24', 'Berat badan turun'),
('G25', 'berkeringat banyak'),
('G26', 'nyeri pada tulang'),
('G27', 'terdapat pembengkakan'),
('G28', 'merasa kaku'),
('G29', 'nyeri'),
('G30', 'muncul kemerahan'),
('G31', 'benjol pada ketiak'),
('G32', 'berat turun'),
('G33', 'batuk'),
('G34', 'sesak nafas'),
('G35', 'berkeringat'),
('G36', 'batuk berulang'),
('G37', 'pembengkakan pada sendi'),
('G38', 'nyeri dan kekakuan pada tulang'),
('G39', 'nyeri pada sendi'),
('G40', 'benjolan pada leher'),
('G41', 'kemerahan dan nyeri pada leher'),
('G42', 'muntah terus menerus'),
('G43', 'sakit perut'),
('G44', 'diare'),
('G45', 'benjol pada leher'),
('G46', 'pembengkakan'),
('G47', 'muntah'),
('G48', 'kelemahan pada otot'),
('G49', 'pembengkakan pada tulang'),
('G50', 'berat badan menurun'),
('G51', 'batuk terus menerus'),
('G52', 'pembengkakan dan kekakuanpada tulang'),
('G53', 'pembengkakan pada leher'),
('G54', 'muncul kemerahan disekitar leher'),
('G55', 'merasa nyeri');

-- --------------------------------------------------------

--
-- Table structure for table `indications_list`
--

CREATE TABLE `indications_list` (
  `indication_id` bigint(20) NOT NULL,
  `indication_code` varchar(255) DEFAULT NULL,
  `knowledge_id` bigint(20) DEFAULT NULL
) ENGINE=InnoDB DEFAULT CHARSET=utf8mb4 COLLATE=utf8mb4_general_ci;

--
-- Dumping data for table `indications_list`
--

INSERT INTO `indications_list` (`indication_id`, `indication_code`, `knowledge_id`) VALUES
(1, 'G02', 174),
(2, 'G23', 174),
(3, 'G05', 174),
(4, 'G06', 174),
(5, 'G24', 175),
(6, 'G25', 175),
(7, 'G05', 175),
(8, 'G06', 175),
(9, 'G25', 176),
(10, 'G02', 176),
(11, 'G24', 176),
(12, 'G06', 177),
(13, 'G05', 177),
(14, 'G23', 177),
(15, 'G23', 178),
(16, 'G05', 178),
(17, 'G06', 178),
(18, 'G24', 178),
(19, 'G24', 179),
(20, 'G05', 179),
(21, 'G06', 179),
(22, 'G24', 180),
(23, 'G02', 180),
(24, 'G23', 180),
(25, 'G06', 180),
(26, 'G26', 181),
(27, 'G27', 181),
(28, 'G28', 181),
(29, 'G29', 182),
(30, 'G30', 182),
(31, 'G31', 182),
(32, 'G23', 183),
(33, 'G24', 183),
(34, 'G25', 183),
(35, 'G02', 183),
(36, 'G02', 184),
(37, 'G32', 184),
(38, 'G23', 184),
(39, 'G23', 185),
(40, 'G02', 185),
(41, 'G25', 185),
(42, 'G02', 186),
(43, 'G06', 186),
(44, 'G05', 186),
(45, 'G24', 186),
(46, 'G24', 187),
(47, 'G06', 187),
(48, 'G02', 187),
(49, 'G05', 187),
(50, 'G02', 188),
(51, 'G24', 188),
(52, 'G23', 188),
(53, 'G05', 188),
(54, 'G02', 189),
(55, 'G05', 189),
(56, 'G25', 189),
(57, 'G06', 189),
(58, 'G02', 190),
(59, 'G05', 190),
(60, 'G25', 190),
(61, 'G06', 190),
(62, 'G23', 190),
(63, 'G02', 191),
(64, 'G24', 191),
(65, 'G23', 191),
(66, 'G05', 191),
(67, 'G02', 192),
(68, 'G06', 192),
(69, 'G05', 192),
(70, 'G24', 192),
(71, 'G25', 193),
(72, 'G02', 193),
(73, 'G23', 193),
(74, 'G06', 193),
(75, 'G24', 194),
(76, 'G06', 194),
(77, 'G02', 194),
(78, 'G05', 194),
(79, 'G02', 195),
(80, 'G06', 195),
(81, 'G05', 195),
(82, 'G24', 195),
(83, 'G24', 196),
(84, 'G06', 196),
(85, 'G02', 196),
(86, 'G05', 196),
(87, 'G25', 197),
(88, 'G02', 197),
(89, 'G23', 197),
(90, 'G06', 197),
(91, 'G02', 198),
(92, 'G33', 198),
(93, 'G34', 198),
(94, 'G05', 198),
(95, 'G35', 198),
(96, 'G02', 199),
(97, 'G24', 199),
(98, 'G23', 199),
(99, 'G05', 199),
(100, 'G24', 200),
(101, 'G02', 200),
(102, 'G36', 200),
(103, 'G35', 200),
(104, 'G24', 201),
(105, 'G06', 201),
(106, 'G02', 201),
(107, 'G05', 201),
(108, 'G25', 202),
(109, 'G02', 202),
(110, 'G23', 202),
(111, 'G06', 202),
(112, 'G02', 203),
(113, 'G23', 203),
(114, 'G25', 203),
(115, 'G24', 204),
(116, 'G23', 204),
(117, 'G06', 204),
(118, 'G05', 204),
(119, 'G02', 205),
(120, 'G24', 205),
(121, 'G23', 205),
(122, 'G05', 205),
(123, 'G02', 206),
(124, 'G24', 206),
(125, 'G23', 206),
(126, 'G05', 206),
(127, 'G02', 207),
(128, 'G01', 207),
(129, 'G05', 207),
(130, 'G06', 207),
(131, 'G25', 208),
(132, 'G02', 208),
(133, 'G23', 208),
(134, 'G06', 208),
(135, 'G02', 209),
(136, 'G06', 209),
(137, 'G05', 209),
(138, 'G24', 209),
(139, 'G02', 210),
(140, 'G33', 210),
(141, 'G34', 210),
(142, 'G05', 210),
(143, 'G35', 210),
(144, 'G25', 211),
(145, 'G02', 211),
(146, 'G23', 211),
(147, 'G06', 211),
(148, 'G02', 212),
(149, 'G06', 212),
(150, 'G05', 212),
(151, 'G24', 212),
(152, 'G02', 213),
(153, 'G24', 213),
(154, 'G23', 213),
(155, 'G05', 213),
(156, 'G37', 214),
(157, 'G38', 214),
(158, 'G02', 215),
(159, 'G05', 215),
(160, 'G25', 215),
(161, 'G06', 215),
(162, 'G23', 215),
(163, 'G02', 216),
(164, 'G06', 216),
(165, 'G05', 216),
(166, 'G24', 216),
(167, 'G23', 216),
(168, 'G02', 217),
(169, 'G06', 217),
(170, 'G05', 217),
(171, 'G24', 217),
(172, 'G24', 218),
(173, 'G23', 218),
(174, 'G06', 218),
(175, 'G05', 218),
(176, 'G24', 219),
(177, 'G02', 219),
(178, 'G23', 219),
(179, 'G35', 219),
(180, 'G17', 220),
(181, 'G19', 220),
(182, 'G39', 220),
(183, 'G23', 221),
(184, 'G02', 221),
(185, 'G05', 221),
(186, 'G06', 221),
(187, 'G02', 222),
(188, 'G24', 222),
(189, 'G23', 222),
(190, 'G05', 222),
(191, 'G02', 223),
(192, 'G06', 223),
(193, 'G05', 223),
(194, 'G24', 223),
(195, 'G24', 224),
(196, 'G23', 224),
(197, 'G06', 224),
(198, 'G05', 224),
(199, 'G25', 225),
(200, 'G02', 225),
(201, 'G23', 225),
(202, 'G06', 225),
(203, 'G02', 226),
(204, 'G33', 226),
(205, 'G34', 226),
(206, 'G05', 226),
(207, 'G35', 226),
(208, 'G24', 227),
(209, 'G02', 227),
(210, 'G05', 227),
(211, 'G40', 228),
(212, 'G24', 228),
(213, 'G41', 228),
(214, 'G24', 229),
(215, 'G02', 229),
(216, 'G23', 229),
(217, 'G05', 229),
(218, 'G06', 230),
(219, 'G05', 230),
(220, 'G24', 230),
(221, 'G35', 230),
(222, 'G05', 231),
(223, 'G06', 231),
(224, 'G23', 231),
(225, 'G24', 232),
(226, 'G23', 232),
(227, 'G06', 232),
(228, 'G05', 232),
(229, 'G10', 233),
(230, 'G42', 233),
(231, 'G43', 233),
(232, 'G44', 233),
(233, 'G02', 234),
(234, 'G24', 234),
(235, 'G23', 234),
(236, 'G05', 234),
(237, 'G24', 235),
(238, 'G02', 235),
(239, 'G35', 235),
(240, 'G25', 236),
(241, 'G02', 236),
(242, 'G23', 236),
(243, 'G06', 236),
(244, 'G05', 237),
(245, 'G06', 237),
(246, 'G23', 237),
(247, 'G29', 238),
(248, 'G30', 238),
(249, 'G31', 238),
(250, 'G24', 239),
(251, 'G02', 239),
(252, 'G05', 239),
(253, 'G06', 239),
(254, 'G02', 240),
(255, 'G06', 240),
(256, 'G05', 240),
(257, 'G24', 240),
(258, 'G19', 241),
(259, 'G18', 241),
(260, 'G26', 241),
(261, 'G25', 242),
(262, 'G02', 242),
(263, 'G23', 242),
(264, 'G06', 242),
(265, 'G45', 243),
(266, 'G30', 243),
(267, 'G29', 243),
(268, 'G23', 244),
(269, 'G02', 244),
(270, 'G05', 244),
(271, 'G06', 244),
(272, 'G24', 245),
(273, 'G06', 245),
(274, 'G02', 245),
(275, 'G05', 245),
(276, 'G18', 246),
(277, 'G39', 246),
(278, 'G19', 246),
(279, 'G23', 247),
(280, 'G02', 247),
(281, 'G05', 247),
(282, 'G06', 247),
(283, 'G06', 248),
(284, 'G05', 248),
(285, 'G24', 248),
(286, 'G35', 248),
(287, 'G02', 249),
(288, 'G06', 249),
(289, 'G05', 249),
(290, 'G24', 249),
(291, 'G10', 250),
(292, 'G11', 250),
(293, 'G43', 250),
(294, 'G44', 250),
(295, 'G06', 251),
(296, 'G05', 251),
(297, 'G24', 251),
(298, 'G35', 251),
(299, 'G02', 252),
(300, 'G33', 252),
(301, 'G34', 252),
(302, 'G05', 252),
(303, 'G35', 252),
(304, 'G02', 253),
(305, 'G24', 253),
(306, 'G23', 253),
(307, 'G05', 253),
(308, 'G24', 254),
(309, 'G06', 254),
(310, 'G02', 254),
(311, 'G05', 254),
(312, 'G40', 255),
(313, 'G24', 255),
(314, 'G41', 255),
(315, 'G25', 256),
(316, 'G02', 256),
(317, 'G23', 256),
(318, 'G06', 256),
(319, 'G02', 257),
(320, 'G24', 257),
(321, 'G23', 257),
(322, 'G05', 257),
(323, 'G06', 258),
(324, 'G05', 258),
(325, 'G24', 258),
(326, 'G35', 258),
(327, 'G02', 259),
(328, 'G06', 259),
(329, 'G05', 259),
(330, 'G24', 259),
(331, 'G02', 260),
(332, 'G33', 260),
(333, 'G34', 260),
(334, 'G05', 260),
(335, 'G35', 260),
(336, 'G25', 261),
(337, 'G02', 261),
(338, 'G23', 261),
(339, 'G06', 261),
(340, 'G43', 262),
(341, 'G44', 262),
(342, 'G14', 262),
(343, 'G02', 263),
(344, 'G23', 263),
(345, 'G25', 263),
(346, 'G18', 264),
(347, 'G46', 264),
(348, 'G39', 264),
(349, 'G05', 265),
(350, 'G06', 265),
(351, 'G23', 265),
(352, 'G06', 266),
(353, 'G05', 266),
(354, 'G24', 266),
(355, 'G35', 266),
(356, 'G02', 267),
(357, 'G24', 267),
(358, 'G23', 267),
(359, 'G05', 267),
(360, 'G02', 268),
(361, 'G33', 268),
(362, 'G34', 268),
(363, 'G05', 268),
(364, 'G35', 268),
(365, 'G10', 269),
(366, 'G42', 269),
(367, 'G43', 269),
(368, 'G44', 269),
(369, 'G02', 270),
(370, 'G06', 270),
(371, 'G05', 270),
(372, 'G24', 270),
(373, 'G25', 271),
(374, 'G02', 271),
(375, 'G23', 271),
(376, 'G06', 271),
(377, 'G26', 272),
(378, 'G27', 272),
(379, 'G28', 272),
(380, 'G05', 273),
(381, 'G06', 273),
(382, 'G23', 273),
(383, 'G43', 274),
(384, 'G44', 274),
(385, 'G14', 274),
(386, 'G25', 275),
(387, 'G02', 275),
(388, 'G23', 275),
(389, 'G06', 275),
(390, 'G02', 276),
(391, 'G23', 276),
(392, 'G25', 276),
(393, 'G24', 277),
(394, 'G06', 277),
(395, 'G02', 277),
(396, 'G05', 277),
(397, 'G10', 278),
(398, 'G47', 278),
(399, 'G43', 278),
(400, 'G44', 278),
(401, 'G14', 278),
(402, 'G02', 279),
(403, 'G06', 279),
(404, 'G05', 279),
(405, 'G24', 279),
(406, 'G05', 280),
(407, 'G06', 280),
(408, 'G23', 280),
(409, 'G02', 280),
(410, 'G23', 281),
(411, 'G02', 281),
(412, 'G05', 281),
(413, 'G06', 281),
(414, 'G02', 282),
(415, 'G05', 282),
(416, 'G25', 282),
(417, 'G06', 282),
(418, 'G02', 283),
(419, 'G06', 283),
(420, 'G05', 283),
(421, 'G24', 283),
(422, 'G05', 284),
(423, 'G06', 284),
(424, 'G23', 284),
(425, 'G02', 284),
(426, 'G02', 285),
(427, 'G23', 285),
(428, 'G25', 285),
(429, 'G10', 286),
(430, 'G42', 286),
(431, 'G43', 286),
(432, 'G44', 286),
(433, 'G24', 287),
(434, 'G06', 287),
(435, 'G02', 287),
(436, 'G05', 287),
(437, 'G05', 288),
(438, 'G06', 288),
(439, 'G23', 288),
(440, 'G06', 289),
(441, 'G05', 289),
(442, 'G24', 289),
(443, 'G35', 289),
(444, 'G02', 290),
(445, 'G06', 290),
(446, 'G05', 290),
(447, 'G24', 290),
(448, 'G02', 291),
(449, 'G33', 291),
(450, 'G34', 291),
(451, 'G05', 291),
(452, 'G35', 291),
(453, 'G11', 292),
(454, 'G43', 292),
(455, 'G44', 292),
(456, 'G14', 292),
(457, 'G05', 293),
(458, 'G06', 293),
(459, 'G23', 293),
(460, 'G02', 294),
(461, 'G24', 294),
(462, 'G23', 294),
(463, 'G05', 294),
(464, 'G18', 295),
(465, 'G39', 295),
(466, 'G19', 295),
(467, 'G02', 296),
(468, 'G23', 296),
(469, 'G25', 296),
(470, 'G23', 297),
(471, 'G02', 297),
(472, 'G05', 297),
(473, 'G06', 297),
(474, 'G24', 298),
(475, 'G06', 298),
(476, 'G02', 298),
(477, 'G05', 298),
(478, 'G02', 299),
(479, 'G06', 299),
(480, 'G05', 299),
(481, 'G24', 299),
(482, 'G23', 300),
(483, 'G02', 300),
(484, 'G05', 300),
(485, 'G06', 300),
(486, 'G13', 301),
(487, 'G14', 301),
(488, 'G43', 301),
(489, 'G02', 302),
(490, 'G23', 302),
(491, 'G25', 302),
(492, 'G05', 303),
(493, 'G06', 303),
(494, 'G23', 303),
(495, 'G23', 304),
(496, 'G02', 304),
(497, 'G05', 304),
(498, 'G06', 304),
(499, 'G06', 305),
(500, 'G05', 305),
(501, 'G23', 305),
(502, 'G26', 306),
(503, 'G27', 306),
(504, 'G28', 306),
(505, 'G02', 307),
(506, 'G35', 307),
(507, 'G06', 307),
(508, 'G05', 308),
(509, 'G06', 308),
(510, 'G24', 308),
(511, 'G05', 309),
(512, 'G06', 309),
(513, 'G35', 309),
(514, 'G23', 309),
(515, 'G24', 310),
(516, 'G25', 310),
(517, 'G02', 310),
(518, 'G05', 310),
(519, 'G48', 311),
(520, 'G18', 311),
(521, 'G49', 311),
(522, 'G02', 312),
(523, 'G23', 312),
(524, 'G25', 312),
(525, 'G18', 313),
(526, 'G39', 313),
(527, 'G19', 313),
(528, 'G05', 314),
(529, 'G06', 314),
(530, 'G23', 314),
(531, 'G02', 315),
(532, 'G05', 315),
(533, 'G23', 315),
(534, 'G35', 315),
(535, 'G18', 316),
(536, 'G39', 316),
(537, 'G19', 316),
(538, 'G23', 317),
(539, 'G02', 317),
(540, 'G05', 317),
(541, 'G06', 317),
(542, 'G06', 318),
(543, 'G02', 318),
(544, 'G05', 318),
(545, 'G02', 319),
(546, 'G05', 319),
(547, 'G25', 319),
(548, 'G06', 319),
(549, 'G23', 320),
(550, 'G05', 320),
(551, 'G06', 320),
(552, 'G05', 321),
(553, 'G06', 321),
(554, 'G02', 321),
(555, 'G32', 321),
(556, 'G05', 322),
(557, 'G06', 322),
(558, 'G23', 322),
(559, 'G02', 322),
(560, 'G02', 323),
(561, 'G35', 323),
(562, 'G23', 323),
(563, 'G05', 323),
(564, 'G10', 324),
(565, 'G11', 324),
(566, 'G43', 324),
(567, 'G44', 324),
(568, 'G24', 325),
(569, 'G06', 325),
(570, 'G02', 325),
(571, 'G05', 325),
(572, 'G26', 326),
(573, 'G27', 326),
(574, 'G28', 326),
(575, 'G50', 327),
(576, 'G02', 327),
(577, 'G51', 327),
(578, 'G25', 327),
(579, 'G39', 328),
(580, 'G52', 328),
(581, 'G53', 329),
(582, 'G54', 329),
(583, 'G55', 329),
(584, 'G01', 330),
(585, 'G02', 330),
(586, 'G23', 330),
(587, 'G25', 330),
(588, 'G01', 331),
(589, 'G05', 331),
(590, 'G06', 331),
(591, 'G01', 332),
(592, 'G23', 332),
(593, 'G05', 332),
(594, 'G06', 332),
(595, 'G53', 333),
(596, 'G54', 333),
(597, 'G55', 333),
(598, 'G01', 334),
(599, 'G02', 334),
(600, 'G25', 334),
(601, 'G01', 335),
(602, 'G02', 335),
(603, 'G25', 335),
(604, 'G02', 336),
(605, 'G23', 336),
(606, 'G05', 336),
(607, 'G06', 336),
(608, 'G01', 337),
(609, 'G02', 337),
(610, 'G36', 337),
(611, 'G06', 337),
(612, 'G01', 338),
(613, 'G02', 338),
(614, 'G23', 338),
(615, 'G25', 338),
(616, 'G02', 339),
(617, 'G36', 339),
(618, 'G25', 339),
(619, 'G23', 340),
(620, 'G25', 340),
(621, 'G05', 340),
(622, 'G06', 340),
(623, 'G25', 341),
(624, 'G05', 341),
(625, 'G06', 341),
(626, 'G01', 342),
(627, 'G02', 342),
(628, 'G23', 342),
(629, 'G06', 342),
(630, 'G02', 343),
(631, 'G23', 343),
(632, 'G25', 343),
(633, 'G06', 343),
(634, 'G01', 344),
(635, 'G23', 344),
(636, 'G06', 344),
(637, 'G01', 345),
(638, 'G02', 345),
(639, 'G23', 345),
(640, 'G25', 345),
(641, 'G05', 345),
(642, 'G06', 345);

-- --------------------------------------------------------

--
-- Table structure for table `knowledge_data`
--

CREATE TABLE `knowledge_data` (
  `knowledge_id` bigint(20) NOT NULL,
  `user_id` bigint(20) DEFAULT NULL,
  `name` varchar(255) DEFAULT NULL,
  `age` smallint(6) DEFAULT NULL,
  `gender` varchar(10) DEFAULT NULL,
  `weight` float DEFAULT NULL,
  `address` varchar(255) DEFAULT NULL,
  `disease` varchar(255) DEFAULT NULL,
  `md` float DEFAULT NULL,
  `solution` varchar(255) DEFAULT NULL
) ENGINE=InnoDB DEFAULT CHARSET=utf8mb4 COLLATE=utf8mb4_general_ci;

--
-- Dumping data for table `knowledge_data`
--

INSERT INTO `knowledge_data` (`knowledge_id`, `user_id`, `name`, `age`, `gender`, `weight`, `address`, `disease`, `md`, `solution`) VALUES
(174, 1, 'Dummy', 26, 'Laki-laki', 49, 'Dummy Adress', 'TBC Paru', 0.7, 'Kategori 1'),
(175, 2, 'Dummy', 29, 'Laki-laki', 55, 'Dummy Adress', 'TBC Paru', 0.4, 'Kategori 1'),
(176, 3, 'Dummy', 21, 'Perempuan', 45, 'Dummy Adress', 'TBC Paru', 0.3, 'Kategori 1'),
(177, 4, 'Dummy', 23, 'Laki-laki', 47, 'Dummy Adress', 'TBC Paru', 0.4, 'Kategori 1'),
(178, 5, 'Dummy', 41, 'Laki-laki', 50, 'Dummy Adress', 'TBC Paru', 0.4, 'Kategori 1'),
(179, 6, 'Dummy', 59, 'Laki-laki', 53, 'Dummy Adress', 'TBC Paru', 0.4, 'Kategori 1'),
(180, 7, 'Dummy', 33, 'Perempuan', 50, 'Dummy Adress', 'TBC Paru', 0.5, 'Kategori 1'),
(181, 8, 'Dummy', 63, 'Laki-laki', 60, 'Dummy Adress', 'TBC Tulang', 0, 'Kategori 1'),
(182, 9, 'Dummy', 32, 'Laki-laki', 57, 'Dummy Adress', 'TBC Kelenjar', 0, 'Kategori 1'),
(183, 10, 'Dummy', 24, 'Perempuan', 51, 'Dummy Adress', 'TBC Paru', 0.3, 'Kategori 1'),
(184, 11, 'Dummy', 25, 'Perempuan', 48, 'Dummy Adress', 'TBC Paru', 0.3, 'Kategori 1'),
(185, 12, 'Dummy', 21, 'Perempuan', 47, 'Dummy Adress', 'TBC Paru', 0.3, 'Kategori 1'),
(186, 13, 'Dummy', 69, 'Laki-laki', 54, 'Dummy Adress', 'TBC Paru', 0.7, 'Kategori 1'),
(187, 14, 'Dummy', 43, 'Laki-laki', 51, 'Dummy Adress', 'TBC Paru', 0.7, 'Kategori 1'),
(188, 15, 'Dummy', 69, 'Laki-laki', 50, 'Dummy Adress', 'TBC Paru', 0.5, 'Kategori 1'),
(189, 16, 'Dummy', 65, 'Laki-laki', 55, 'Dummy Adress', 'TBC Paru', 0.7, 'Kategori 1'),
(190, 17, 'Dummy', 80, 'Laki-laki', 56, 'Dummy Adress', 'TBC Paru', 0.7, 'Kategori 1'),
(191, 18, 'Dummy', 59, 'Laki-laki', 53, 'Dummy Adress', 'TBC Paru', 0.5, 'Kategori 1'),
(192, 19, 'Dummy', 31, 'Laki-laki', 54, 'Dummy Adress', 'TBC Paru', 0.7, 'Kategori 1'),
(193, 20, 'Dummy', 53, 'Laki-laki', 57, 'Dummy Adress', 'TBC Paru', 0.5, 'Kategori 1'),
(194, 21, 'Dummy', 23, 'Perempuan', 50, 'Dummy Adress', 'TBC Paru', 0.7, 'Kategori 1'),
(195, 22, 'Dummy', 28, 'Perempuan', 53, 'Dummy Adress', 'TBC Paru', 0.7, 'Kategori 1'),
(196, 23, 'Dummy', 26, 'Laki-laki', 55, 'Dummy Adress', 'TBC Paru', 0.7, 'Kategori 1'),
(197, 24, 'Dummy', 42, 'Laki-laki', 60, 'Dummy Adress', 'TBC Paru', 0.5, 'Kategori 1'),
(198, 25, 'Dummy', 65, 'Laki-laki', 57, 'Dummy Adress', 'TBC Paru', 0.5, 'Kategori 1'),
(199, 26, 'Dummy', 28, 'Perempuan', 52, 'Dummy Adress', 'TBC Paru', 0.5, 'Kategori 1'),
(200, 27, 'Dummy', 57, 'Perempuan', 57, 'Dummy Adress', 'TBC Paru', 0.3, 'Kategori 1'),
(201, 28, 'Dummy', 58, 'Perempuan', 53, 'Dummy Adress', 'TBC Paru', 0.7, 'Kategori 1'),
(202, 29, 'Dummy', 49, 'Perempuan', 55, 'Dummy Adress', 'TBC Paru', 0.5, 'Kategori 1'),
(203, 30, 'Dummy', 41, 'Perempuan', 58, 'Dummy Adress', 'TBC Paru', 0.3, 'Kategori 1'),
(204, 31, 'Dummy', 47, 'Laki-laki', 60, 'Dummy Adress', 'TBC Paru', 0.4, 'Kategori 1'),
(205, 32, 'Dummy', 66, 'Laki-laki', 62, 'Dummy Adress', 'TBC Paru', 0.5, 'Kategori 1'),
(206, 33, 'Dummy', 23, 'Laki-laki', 51, 'Dummy Adress', 'TBC Paru', 0.5, 'Kategori 1'),
(207, 34, 'Dummy', 42, 'Laki-laki', 62, 'Dummy Adress', 'TBC Paru', 0.8, 'Kategori 1'),
(208, 35, 'Dummy', 72, 'Laki-laki', 65, 'Dummy Adress', 'TBC Paru', 0.5, 'Kategori 1'),
(209, 36, 'Dummy', 17, 'Laki-laki', 50, 'Dummy Adress', 'TBC Paru', 0.7, 'Kategori 1'),
(210, 37, 'Dummy', 69, 'Laki-laki', 58, 'Dummy Adress', 'TBC Paru', 0.5, 'Kategori 1'),
(211, 38, 'Dummy', 59, 'Laki-laki', 59, 'Dummy Adress', 'TBC Paru', 0.5, 'Kategori 1'),
(212, 39, 'Dummy', 37, 'Laki-laki', 59, 'Dummy Adress', 'TBC Paru', 0.7, 'Kategori 1'),
(213, 40, 'Dummy', 26, 'Laki-laki', 59, 'Dummy Adress', 'TBC Paru', 0.5, 'Kategori 1'),
(214, 41, 'Dummy', 25, 'Laki-laki', 50, 'Dummy Adress', 'TBC Tulang', 0, 'Kategori 1'),
(215, 42, 'Dummy', 75, 'Laki-laki', 62, 'Dummy Adress', 'TBC Paru', 0.7, 'Kategori 1'),
(216, 43, 'Dummy', 57, 'Laki-laki', 61, 'Dummy Adress', 'TBC Paru', 0.7, 'Kategori 1'),
(217, 44, 'Dummy', 20, 'Perempuan', 50, 'Dummy Adress', 'TBC Paru', 0.7, 'Kategori 1'),
(218, 45, 'Dummy', 34, 'Laki-laki', 61, 'Dummy Adress', 'TBC Paru', 0.4, 'Kategori 1'),
(219, 46, 'Dummy', 26, 'Laki-laki', 62, 'Dummy Adress', 'TBC Paru', 0.3, 'Kategori 1'),
(220, 47, 'Dummy', 40, 'Laki-laki', 55, 'Dummy Adress', 'TBC Tulang', 0.6, 'Kategori 1'),
(221, 48, 'Dummy', 26, 'Laki-laki', 59, 'Dummy Adress', 'TBC Paru', 0.7, 'Kategori 1'),
(222, 49, 'Dummy', 29, 'Laki-laki', 65, 'Dummy Adress', 'TBC Paru', 0.5, 'Kategori 1'),
(223, 50, 'Dummy', 21, 'Perempuan', 54, 'Dummy Adress', 'TBC Paru', 0.7, 'Kategori 1'),
(224, 51, 'Dummy', 59, 'Laki-laki', 62, 'Dummy Adress', 'TBC Paru', 0.4, 'Kategori 1'),
(225, 52, 'Dummy', 42, 'Laki-laki', 67, 'Dummy Adress', 'TBC Paru', 0.5, 'Kategori 1'),
(226, 53, 'Dummy', 19, 'Laki-laki', 54, 'Dummy Adress', 'TBC Paru', 0.5, 'Kategori 1'),
(227, 54, 'Dummy', 23, 'Perempuan', 45, 'Dummy Adress', 'TBC Paru', 0.5, 'Kategori 1'),
(228, 55, 'Dummy', 17, 'Perempuan', 53, 'Dummy Adress', 'TBC Kelenjar', 0, 'Kategori 1'),
(229, 56, 'Dummy', 32, 'Perempuan', 50, 'Dummy Adress', 'TBC Paru', 0.5, 'Kategori 1'),
(230, 57, 'Dummy', 17, 'Perempuan', 48, 'Dummy Adress', 'TBC Paru', 0.4, 'Kategori 1'),
(231, 58, 'Dummy', 24, 'Perempuan', 54, 'Dummy Adress', 'TBC Paru', 0.4, 'Kategori 1'),
(232, 59, 'Dummy', 32, 'Perempuan', 45, 'Dummy Adress', 'TBC Paru', 0.4, 'Kategori 1'),
(233, 60, 'Dummy', 19, 'Perempuan', 52, 'Dummy Adress', 'TBC Usus', 0.3, 'Kategori 1'),
(234, 61, 'Dummy', 35, 'Perempuan', 47, 'Dummy Adress', 'TBC Paru', 0.5, 'Kategori 1'),
(235, 62, 'Dummy', 27, 'Perempuan', 45, 'Dummy Adress', 'TBC Paru', 0.3, 'Kategori 1'),
(236, 63, 'Dummy', 23, 'Perempuan', 45, 'Dummy Adress', 'TBC Paru', 0.5, 'Kategori 1'),
(237, 64, 'Dummy', 26, 'Perempuan', 47, 'Dummy Adress', 'TBC Paru', 0.4, 'Kategori 1'),
(238, 65, 'Dummy', 22, 'Perempuan', 52, 'Dummy Adress', 'TBC Kelenjar', 0, 'Kategori 1'),
(239, 66, 'Dummy', 35, 'Perempuan', 47, 'Dummy Adress', 'TBC Paru', 0.7, 'Kategori 1'),
(240, 67, 'Dummy', 43, 'Perempuan', 52, 'Dummy Adress', 'TBC Paru', 0.7, 'Kategori 1'),
(241, 68, 'Dummy', 24, 'Perempuan', 47, 'Dummy Adress', 'TBC Tulang', 0.7, 'Kategori 1'),
(242, 69, 'Dummy', 37, 'Perempuan', 55, 'Dummy Adress', 'TBC Paru', 0.5, 'Kategori 1'),
(243, 70, 'Dummy', 19, 'Perempuan', 47, 'Dummy Adress', 'TBC Kelenjar', 0, 'Kategori 1'),
(244, 71, 'Dummy', 38, 'Perempuan', 50, 'Dummy Adress', 'TBC Paru', 0.7, 'Kategori 1'),
(245, 72, 'Dummy', 29, 'Perempuan', 43, 'Dummy Adress', 'TBC Paru', 0.7, 'Kategori 1'),
(246, 73, 'Dummy', 46, 'Perempuan', 53, 'Dummy Adress', 'TBC Tulang', 0.7, 'Kategori 1'),
(247, 74, 'Dummy', 26, 'Perempuan', 46, 'Dummy Adress', 'TBC Paru', 0.7, 'Kategori 1'),
(248, 75, 'Dummy', 19, 'Perempuan', 42, 'Dummy Adress', 'TBC Paru', 0.4, 'Kategori 1'),
(249, 76, 'Dummy', 22, 'Perempuan', 53, 'Dummy Adress', 'TBC Paru', 0.7, 'Kategori 1'),
(250, 77, 'Dummy', 24, 'Perempuan', 51, 'Dummy Adress', 'TBC Usus', 0.6, 'Kategori 1'),
(251, 78, 'Dummy', 18, 'Perempuan', 54, 'Dummy Adress', 'TBC Paru', 0.4, 'Kategori 1'),
(252, 79, 'Dummy', 27, 'Perempuan', 50, 'Dummy Adress', 'TBC Paru', 0.5, 'Kategori 1'),
(253, 80, 'Dummy', 34, 'Perempuan', 57, 'Dummy Adress', 'TBC Paru', 0.5, 'Kategori 1'),
(254, 81, 'Dummy', 34, 'Perempuan', 55, 'Dummy Adress', 'TBC Paru', 0.7, 'Kategori 1'),
(255, 82, 'Dummy', 43, 'Perempuan', 64, 'Dummy Adress', 'TBC Kelenjar', 0, 'Kategori 1'),
(256, 83, 'Dummy', 49, 'Laki-laki', 49, 'Dummy Adress', 'TBC Paru', 0.5, 'Kategori 1'),
(257, 84, 'Dummy', 37, 'Perempuan', 47, 'Dummy Adress', 'TBC Paru', 0.5, 'Kategori 1'),
(258, 85, 'Dummy', 40, 'Laki-laki', 53, 'Dummy Adress', 'TBC Paru', 0.4, 'Kategori 1'),
(259, 86, 'Dummy', 47, 'Laki-laki', 47, 'Dummy Adress', 'TBC Paru', 0.7, 'Kategori 1'),
(260, 87, 'Dummy', 38, 'Perempuan', 43, 'Dummy Adress', 'TBC Paru', 0.5, 'Kategori 1'),
(261, 88, 'Dummy', 38, 'Perempuan', 55, 'Dummy Adress', 'TBC Paru', 0.5, 'Kategori 1'),
(262, 89, 'Dummy', 37, 'Perempuan', 50, 'Dummy Adress', 'TBC Usus', 0.1, 'Kategori 1'),
(263, 90, 'Dummy', 28, 'Perempuan', 43, 'Dummy Adress', 'TBC Paru', 0.3, 'Kategori 1'),
(264, 91, 'Dummy', 55, 'Laki-laki', 49, 'Dummy Adress', 'TBC Tulang', 0.3, 'Kategori 1'),
(265, 92, 'Dummy', 37, 'Laki-laki', 44, 'Dummy Adress', 'TBC Paru', 0.4, 'Kategori 1'),
(266, 93, 'Dummy', 43, 'Laki-laki', 49, 'Dummy Adress', 'TBC Paru', 0.4, 'Kategori 1'),
(267, 94, 'Dummy', 38, 'Perempuan', 60, 'Dummy Adress', 'TBC Paru', 0.5, 'Kategori 1'),
(268, 95, 'Dummy', 36, 'Perempuan', 58, 'Dummy Adress', 'TBC Paru', 0.5, 'Kategori 1'),
(269, 96, 'Dummy', 33, 'Perempuan', 49, 'Dummy Adress', 'TBC Usus', 0.3, 'Kategori 1'),
(270, 97, 'Dummy', 30, 'Laki-laki', 67, 'Dummy Adress', 'TBC Paru', 0.7, 'Kategori 1'),
(271, 98, 'Dummy', 39, 'Laki-laki', 66, 'Dummy Adress', 'TBC Paru', 0.5, 'Kategori 1'),
(272, 99, 'Dummy', 44, 'Laki-laki', 54, 'Dummy Adress', 'TBC Tulang', 0, 'Kategori 1'),
(273, 100, 'Dummy', 50, 'Perempuan', 48, 'Dummy Adress', 'TBC Paru', 0.4, 'Kategori 1'),
(274, 101, 'Dummy', 47, 'Laki-laki', 60, 'Dummy Adress', 'TBC Usus', 0.1, 'Kategori 1'),
(275, 102, 'Dummy', 38, 'Laki-laki', 56, 'Dummy Adress', 'TBC Paru', 0.5, 'Kategori 1'),
(276, 103, 'Dummy', 30, 'Perempuan', 55, 'Dummy Adress', 'TBC Paru', 0.3, 'Kategori 1'),
(277, 104, 'Dummy', 29, 'Laki-laki', 66, 'Dummy Adress', 'TBC Paru', 0.7, 'Kategori 1'),
(278, 105, 'Dummy', 38, 'Laki-laki', 44, 'Dummy Adress', 'TBC Usus', 0.4, 'Kategori 1'),
(279, 106, 'Dummy', 40, 'Perempuan', 57, 'Dummy Adress', 'TBC Paru', 0.7, 'Kategori 1'),
(280, 107, 'Dummy', 59, 'Perempuan', 49, 'Dummy Adress', 'TBC Paru', 0.7, 'Kategori 1'),
(281, 108, 'Dummy', 24, 'Perempuan', 48, 'Dummy Adress', 'TBC Paru', 0.7, 'Kategori 1'),
(282, 109, 'Dummy', 27, 'Laki-laki', 46, 'Dummy Adress', 'TBC Paru', 0.7, 'Kategori 1'),
(283, 110, 'Dummy', 36, 'Perempuan', 40, 'Dummy Adress', 'TBC Paru', 0.7, 'Kategori 1'),
(284, 111, 'Dummy', 45, 'Laki-laki', 47, 'Dummy Adress', 'TBC Paru', 0.7, 'Kategori 1'),
(285, 112, 'Dummy', 37, 'Perempuan', 42, 'Dummy Adress', 'TBC Paru', 0.3, 'Kategori 1'),
(286, 113, 'Dummy', 30, 'Laki-laki', 36, 'Dummy Adress', 'TBC Usus', 0.3, 'Kategori 1'),
(287, 114, 'Dummy', 30, 'Laki-laki', 38, 'Dummy Adress', 'TBC Paru', 0.7, 'Kategori 1'),
(288, 115, 'Dummy', 52, 'Laki-laki', 56, 'Dummy Adress', 'TBC Paru', 0.4, 'Kategori 1'),
(289, 116, 'Dummy', 52, 'Laki-laki', 40, 'Dummy Adress', 'TBC Paru', 0.4, 'Kategori 1'),
(290, 117, 'Dummy', 37, 'Laki-laki', 30, 'Dummy Adress', 'TBC Paru', 0.7, 'Kategori 1'),
(291, 118, 'Dummy', 42, 'Laki-laki', 39, 'Dummy Adress', 'TBC Paru', 0.5, 'Kategori 1'),
(292, 119, 'Dummy', 36, 'Laki-laki', 45, 'Dummy Adress', 'TBC Usus', 0.4, 'Kategori 1'),
(293, 120, 'Dummy', 40, 'Laki-laki', 40, 'Dummy Adress', 'TBC Paru', 0.4, 'Kategori 1'),
(294, 121, 'Dummy', 27, 'Laki-laki', 37, 'Dummy Adress', 'TBC Paru', 0.5, 'Kategori 1'),
(295, 122, 'Dummy', 40, 'Laki-laki', 41, 'Dummy Adress', 'TBC Tulang', 0.7, 'Kategori 1'),
(296, 123, 'Dummy', 40, 'Laki-laki', 50, 'Dummy Adress', 'TBC Paru', 0.3, 'Kategori 1'),
(297, 124, 'Dummy', 28, 'Laki-laki', 40, 'Dummy Adress', 'TBC Paru', 0.7, 'Kategori 1'),
(298, 125, 'Dummy', 40, 'Laki-laki', 50, 'Dummy Adress', 'TBC Paru', 0.7, 'Kategori 1'),
(299, 126, 'Dummy', 40, 'Laki-laki', 55, 'Dummy Adress', 'TBC Paru', 0.7, 'Kategori 1'),
(300, 127, 'Dummy', 37, 'Laki-laki', 47, 'Dummy Adress', 'TBC Paru', 0.7, 'Kategori 1'),
(301, 128, 'Dummy', 30, 'Perempuan', 40, 'Dummy Adress', 'TBC Usus', 0.2, 'Kategori 1'),
(302, 129, 'Dummy', 45, 'Perempuan', 50, 'Dummy Adress', 'TBC Paru', 0.3, 'Kategori 1'),
(303, 130, 'Dummy', 40, 'Perempuan', 49, 'Dummy Adress', 'TBC Paru', 0.4, 'Kategori 1'),
(304, 131, 'Dummy', 30, 'Perempuan', 55, 'Dummy Adress', 'TBC Paru', 0.7, 'Kategori 1'),
(305, 132, 'Dummy', 24, 'Perempuan', 38, 'Dummy Adress', 'TBC Paru', 0.4, 'Kategori 1'),
(306, 133, 'Dummy', 45, 'Laki-laki', 55, 'Dummy Adress', 'TBC Tulang', 0, 'Kategori 1'),
(307, 134, 'Dummy', 25, 'Laki-laki', 40, 'Dummy Adress', 'TBC Paru', 0.5, 'Kategori 1'),
(308, 135, 'Dummy', 47, 'Laki-laki', 50, 'Dummy Adress', 'TBC Paru', 0.4, 'Kategori 1'),
(309, 136, 'Dummy', 40, 'Laki-laki', 55, 'Dummy Adress', 'TBC Paru', 0.4, 'Kategori 1'),
(310, 137, 'Dummy', 28, 'Laki-laki', 48, 'Dummy Adress', 'TBC Paru', 0.5, 'Kategori 1'),
(311, 138, 'Dummy', 50, 'Perempuan', 52, 'Dummy Adress', 'TBC Tulang', 0.3, 'Kategori 1'),
(312, 139, 'Dummy', 39, 'Perempuan', 41, 'Dummy Adress', 'TBC Paru', 0.3, 'Kategori 1'),
(313, 140, 'Dummy', 35, 'Laki-laki', 50, 'Dummy Adress', 'TBC Tulang', 0.7, 'Kategori 1'),
(314, 141, 'Dummy', 40, 'Laki-laki', 52, 'Dummy Adress', 'TBC Paru', 0.4, 'Kategori 1'),
(315, 142, 'Dummy', 30, 'Laki-laki', 48, 'Dummy Adress', 'TBC Paru', 0.5, 'Kategori 1'),
(316, 143, 'Dummy', 23, 'Perempuan', 46, 'Dummy Adress', 'TBC Tulang', 0.7, 'Kategori 1'),
(317, 144, 'Dummy', 32, 'Laki-laki', 57, 'Dummy Adress', 'TBC Paru', 0.7, 'Kategori 1'),
(318, 145, 'Dummy', 37, 'Laki-laki', 55, 'Dummy Adress', 'TBC Paru', 0.7, 'Kategori 1'),
(319, 146, 'Dummy', 32, 'Laki-laki', 62, 'Dummy Adress', 'TBC Paru', 0.7, 'Kategori 1'),
(320, 147, 'Dummy', 24, 'Laki-laki', 52, 'Dummy Adress', 'TBC Paru', 0.4, 'Kategori 1'),
(321, 148, 'Dummy', 32, 'Laki-laki', 52, 'Dummy Adress', 'TBC Paru', 0.7, 'Kategori 1'),
(322, 149, 'Dummy', 42, 'Laki-laki', 65, 'Dummy Adress', 'TBC Paru', 0.7, 'Kategori 1'),
(323, 150, 'Dummy', 27, 'Laki-laki', 57, 'Dummy Adress', 'TBC Paru', 0.5, 'Kategori 1'),
(324, 151, 'Dummy', 35, 'Laki-laki', 53, 'Dummy Adress', 'TBC Usus', 0.6, 'Kategori 1'),
(325, 152, 'Dummy', 25, 'Laki-laki', 59, 'Dummy Adress', 'TBC Paru', 0.7, 'Kategori 1'),
(326, 153, 'Dummy', 34, 'Laki-laki', 63, 'Dummy Adress', 'TBC Tulang', 0, 'Kategori 1'),
(327, 154, 'Dummy', 29, 'Laki-laki', 58, 'Dummy Adress', 'TBC Paru', 0.3, 'Kategori 1'),
(328, 155, 'Dummy', 65, 'Laki-laki', 63, 'Dummy Adress', 'TBC Tulang', 0, 'Kategori 1'),
(329, 156, 'Dummy', 32, 'Laki-laki', 60, 'Dummy Adress', 'TBC Kelenjar', 0, 'Kategori 1'),
(330, 157, 'Dummy', 22, 'Laki-laki', 58, 'Dummy Adress', 'TBC Paru', 0.4, 'Kategori 1'),
(331, 158, 'Dummy', 51, 'Laki-laki', 61, 'Dummy Adress', 'TBC Paru', 0.5, 'Kategori 1'),
(332, 159, 'Dummy', 43, 'Perempuan', 58, 'Dummy Adress', 'TBC Paru', 0.5, 'Kategori 1'),
(333, 160, 'Dummy', 52, 'Perempuan', 57, 'Dummy Adress', 'TBC Kelenjar', 0, 'Kategori 1'),
(334, 161, 'Dummy', 21, 'Perempuan', 49, 'Dummy Adress', 'TBC Paru', 0.4, 'Kategori 1'),
(335, 162, 'Dummy', 21, 'Laki-laki', 46, 'Dummy Adress', 'TBC Paru', 0.4, 'Kategori 1'),
(336, 163, 'Dummy', 24, 'Perempuan', 50, 'Dummy Adress', 'TBC Paru', 0.7, 'Kategori 1'),
(337, 164, 'Dummy', 37, 'Laki-laki', 59, 'Dummy Adress', 'TBC Paru', 0.6, 'Kategori 1'),
(338, 165, 'Dummy', 21, 'Laki-laki', 56, 'Dummy Adress', 'TBC Paru', 0.4, 'Kategori 1'),
(339, 166, 'Dummy', 25, 'Laki-laki', 60, 'Dummy Adress', 'TBC Paru', 0.3, 'Kategori 1'),
(340, 167, 'Dummy', 30, 'Perempuan', 58, 'Dummy Adress', 'TBC Paru', 0.4, 'Kategori 1'),
(341, 168, 'Dummy', 42, 'Perempuan', 56, 'Dummy Adress', 'TBC Paru', 0.4, 'Kategori 1'),
(342, 169, 'Dummy', 45, 'Laki-laki', 61, 'Dummy Adress', 'TBC Paru', 0.6, 'Kategori 1'),
(343, 170, 'Dummy', 35, 'Perempuan', 59, 'Dummy Adress', 'TBC Paru', 0.5, 'Kategori 1'),
(344, 171, 'Dummy', 41, 'Laki-laki', 62, 'Dummy Adress', 'TBC Paru', 0.3, 'Kategori 1'),
(345, 172, 'Dummy', 50, 'Laki-laki', 65, 'Dummy Adress', 'TBC Paru', 0.8, 'Kategori 1');

-- --------------------------------------------------------

--
-- Table structure for table `users`
--

CREATE TABLE `users` (
  `user_id` bigint(20) NOT NULL,
  `username` varchar(255) DEFAULT NULL,
  `password` varchar(255) DEFAULT NULL,
  `email` varchar(255) DEFAULT NULL
) ENGINE=InnoDB DEFAULT CHARSET=utf8mb4 COLLATE=utf8mb4_general_ci;

--
-- Dumping data for table `users`
--

INSERT INTO `users` (`user_id`, `username`, `password`, `email`) VALUES
(1, 'username_0', 'password_0', 'email_0'),
(2, 'username_1', 'password_1', 'email_1'),
(3, 'username_2', 'password_2', 'email_2'),
(4, 'username_3', 'password_3', 'email_3'),
(5, 'username_4', 'password_4', 'email_4'),
(6, 'username_5', 'password_5', 'email_5'),
(7, 'username_6', 'password_6', 'email_6'),
(8, 'username_7', 'password_7', 'email_7'),
(9, 'username_8', 'password_8', 'email_8'),
(10, 'username_9', 'password_9', 'email_9'),
(11, 'username_10', 'password_10', 'email_10'),
(12, 'username_11', 'password_11', 'email_11'),
(13, 'username_12', 'password_12', 'email_12'),
(14, 'username_13', 'password_13', 'email_13'),
(15, 'username_14', 'password_14', 'email_14'),
(16, 'username_15', 'password_15', 'email_15'),
(17, 'username_16', 'password_16', 'email_16'),
(18, 'username_17', 'password_17', 'email_17'),
(19, 'username_18', 'password_18', 'email_18'),
(20, 'username_19', 'password_19', 'email_19'),
(21, 'username_20', 'password_20', 'email_20'),
(22, 'username_21', 'password_21', 'email_21'),
(23, 'username_22', 'password_22', 'email_22'),
(24, 'username_23', 'password_23', 'email_23'),
(25, 'username_24', 'password_24', 'email_24'),
(26, 'username_25', 'password_25', 'email_25'),
(27, 'username_26', 'password_26', 'email_26'),
(28, 'username_27', 'password_27', 'email_27'),
(29, 'username_28', 'password_28', 'email_28'),
(30, 'username_29', 'password_29', 'email_29'),
(31, 'username_30', 'password_30', 'email_30'),
(32, 'username_31', 'password_31', 'email_31'),
(33, 'username_32', 'password_32', 'email_32'),
(34, 'username_33', 'password_33', 'email_33'),
(35, 'username_34', 'password_34', 'email_34'),
(36, 'username_35', 'password_35', 'email_35'),
(37, 'username_36', 'password_36', 'email_36'),
(38, 'username_37', 'password_37', 'email_37'),
(39, 'username_38', 'password_38', 'email_38'),
(40, 'username_39', 'password_39', 'email_39'),
(41, 'username_40', 'password_40', 'email_40'),
(42, 'username_41', 'password_41', 'email_41'),
(43, 'username_42', 'password_42', 'email_42'),
(44, 'username_43', 'password_43', 'email_43'),
(45, 'username_44', 'password_44', 'email_44'),
(46, 'username_45', 'password_45', 'email_45'),
(47, 'username_46', 'password_46', 'email_46'),
(48, 'username_47', 'password_47', 'email_47'),
(49, 'username_48', 'password_48', 'email_48'),
(50, 'username_49', 'password_49', 'email_49'),
(51, 'username_50', 'password_50', 'email_50'),
(52, 'username_51', 'password_51', 'email_51'),
(53, 'username_52', 'password_52', 'email_52'),
(54, 'username_53', 'password_53', 'email_53'),
(55, 'username_54', 'password_54', 'email_54'),
(56, 'username_55', 'password_55', 'email_55'),
(57, 'username_56', 'password_56', 'email_56'),
(58, 'username_57', 'password_57', 'email_57'),
(59, 'username_58', 'password_58', 'email_58'),
(60, 'username_59', 'password_59', 'email_59'),
(61, 'username_60', 'password_60', 'email_60'),
(62, 'username_61', 'password_61', 'email_61'),
(63, 'username_62', 'password_62', 'email_62'),
(64, 'username_63', 'password_63', 'email_63'),
(65, 'username_64', 'password_64', 'email_64'),
(66, 'username_65', 'password_65', 'email_65'),
(67, 'username_66', 'password_66', 'email_66'),
(68, 'username_67', 'password_67', 'email_67'),
(69, 'username_68', 'password_68', 'email_68'),
(70, 'username_69', 'password_69', 'email_69'),
(71, 'username_70', 'password_70', 'email_70'),
(72, 'username_71', 'password_71', 'email_71'),
(73, 'username_72', 'password_72', 'email_72'),
(74, 'username_73', 'password_73', 'email_73'),
(75, 'username_74', 'password_74', 'email_74'),
(76, 'username_75', 'password_75', 'email_75'),
(77, 'username_76', 'password_76', 'email_76'),
(78, 'username_77', 'password_77', 'email_77'),
(79, 'username_78', 'password_78', 'email_78'),
(80, 'username_79', 'password_79', 'email_79'),
(81, 'username_80', 'password_80', 'email_80'),
(82, 'username_81', 'password_81', 'email_81'),
(83, 'username_82', 'password_82', 'email_82'),
(84, 'username_83', 'password_83', 'email_83'),
(85, 'username_84', 'password_84', 'email_84'),
(86, 'username_85', 'password_85', 'email_85'),
(87, 'username_86', 'password_86', 'email_86'),
(88, 'username_87', 'password_87', 'email_87'),
(89, 'username_88', 'password_88', 'email_88'),
(90, 'username_89', 'password_89', 'email_89'),
(91, 'username_90', 'password_90', 'email_90'),
(92, 'username_91', 'password_91', 'email_91'),
(93, 'username_92', 'password_92', 'email_92'),
(94, 'username_93', 'password_93', 'email_93'),
(95, 'username_94', 'password_94', 'email_94'),
(96, 'username_95', 'password_95', 'email_95'),
(97, 'username_96', 'password_96', 'email_96'),
(98, 'username_97', 'password_97', 'email_97'),
(99, 'username_98', 'password_98', 'email_98'),
(100, 'username_99', 'password_99', 'email_99'),
(101, 'username_100', 'password_100', 'email_100'),
(102, 'username_101', 'password_101', 'email_101'),
(103, 'username_102', 'password_102', 'email_102'),
(104, 'username_103', 'password_103', 'email_103'),
(105, 'username_104', 'password_104', 'email_104'),
(106, 'username_105', 'password_105', 'email_105'),
(107, 'username_106', 'password_106', 'email_106'),
(108, 'username_107', 'password_107', 'email_107'),
(109, 'username_108', 'password_108', 'email_108'),
(110, 'username_109', 'password_109', 'email_109'),
(111, 'username_110', 'password_110', 'email_110'),
(112, 'username_111', 'password_111', 'email_111'),
(113, 'username_112', 'password_112', 'email_112'),
(114, 'username_113', 'password_113', 'email_113'),
(115, 'username_114', 'password_114', 'email_114'),
(116, 'username_115', 'password_115', 'email_115'),
(117, 'username_116', 'password_116', 'email_116'),
(118, 'username_117', 'password_117', 'email_117'),
(119, 'username_118', 'password_118', 'email_118'),
(120, 'username_119', 'password_119', 'email_119'),
(121, 'username_120', 'password_120', 'email_120'),
(122, 'username_121', 'password_121', 'email_121'),
(123, 'username_122', 'password_122', 'email_122'),
(124, 'username_123', 'password_123', 'email_123'),
(125, 'username_124', 'password_124', 'email_124'),
(126, 'username_125', 'password_125', 'email_125'),
(127, 'username_126', 'password_126', 'email_126'),
(128, 'username_127', 'password_127', 'email_127'),
(129, 'username_128', 'password_128', 'email_128'),
(130, 'username_129', 'password_129', 'email_129'),
(131, 'username_130', 'password_130', 'email_130'),
(132, 'username_131', 'password_131', 'email_131'),
(133, 'username_132', 'password_132', 'email_132'),
(134, 'username_133', 'password_133', 'email_133'),
(135, 'username_134', 'password_134', 'email_134'),
(136, 'username_135', 'password_135', 'email_135'),
(137, 'username_136', 'password_136', 'email_136'),
(138, 'username_137', 'password_137', 'email_137'),
(139, 'username_138', 'password_138', 'email_138'),
(140, 'username_139', 'password_139', 'email_139'),
(141, 'username_140', 'password_140', 'email_140'),
(142, 'username_141', 'password_141', 'email_141'),
(143, 'username_142', 'password_142', 'email_142'),
(144, 'username_143', 'password_143', 'email_143'),
(145, 'username_144', 'password_144', 'email_144'),
(146, 'username_145', 'password_145', 'email_145'),
(147, 'username_146', 'password_146', 'email_146'),
(148, 'username_147', 'password_147', 'email_147'),
(149, 'username_148', 'password_148', 'email_148'),
(150, 'username_149', 'password_149', 'email_149'),
(151, 'username_150', 'password_150', 'email_150'),
(152, 'username_151', 'password_151', 'email_151'),
(153, 'username_152', 'password_152', 'email_152'),
(154, 'username_153', 'password_153', 'email_153'),
(155, 'username_154', 'password_154', 'email_154'),
(156, 'username_155', 'password_155', 'email_155'),
(157, 'username_156', 'password_156', 'email_156'),
(158, 'username_157', 'password_157', 'email_157'),
(159, 'username_158', 'password_158', 'email_158'),
(160, 'username_159', 'password_159', 'email_159'),
(161, 'username_160', 'password_160', 'email_160'),
(162, 'username_161', 'password_161', 'email_161'),
(163, 'username_162', 'password_162', 'email_162'),
(164, 'username_163', 'password_163', 'email_163'),
(165, 'username_164', 'password_164', 'email_164'),
(166, 'username_165', 'password_165', 'email_165'),
(167, 'username_166', 'password_166', 'email_166'),
(168, 'username_167', 'password_167', 'email_167'),
(169, 'username_168', 'password_168', 'email_168'),
(170, 'username_169', 'password_169', 'email_169'),
(171, 'username_170', 'password_170', 'email_170'),
(172, 'username_171', 'password_171', 'email_171');

--
-- Indexes for dumped tables
--

--
-- Indexes for table `indications`
--
ALTER TABLE `indications`
  ADD PRIMARY KEY (`indication_code`);

--
-- Indexes for table `indications_list`
--
ALTER TABLE `indications_list`
  ADD PRIMARY KEY (`indication_id`),
  ADD KEY `indication_code` (`indication_code`),
  ADD KEY `knowledge_id` (`knowledge_id`);

--
-- Indexes for table `knowledge_data`
--
ALTER TABLE `knowledge_data`
  ADD PRIMARY KEY (`knowledge_id`),
  ADD KEY `user_id` (`user_id`);

--
-- Indexes for table `users`
--
ALTER TABLE `users`
  ADD PRIMARY KEY (`user_id`);

--
-- AUTO_INCREMENT for dumped tables
--

--
-- AUTO_INCREMENT for table `indications_list`
--
ALTER TABLE `indications_list`
  MODIFY `indication_id` bigint(20) NOT NULL AUTO_INCREMENT, AUTO_INCREMENT=643;

--
-- AUTO_INCREMENT for table `knowledge_data`
--
ALTER TABLE `knowledge_data`
  MODIFY `knowledge_id` bigint(20) NOT NULL AUTO_INCREMENT, AUTO_INCREMENT=346;

--
-- AUTO_INCREMENT for table `users`
--
ALTER TABLE `users`
  MODIFY `user_id` bigint(20) NOT NULL AUTO_INCREMENT, AUTO_INCREMENT=173;

--
-- Constraints for dumped tables
--

--
-- Constraints for table `indications_list`
--
ALTER TABLE `indications_list`
  ADD CONSTRAINT `indications_list_ibfk_1` FOREIGN KEY (`indication_code`) REFERENCES `indications` (`indication_code`),
  ADD CONSTRAINT `indications_list_ibfk_2` FOREIGN KEY (`knowledge_id`) REFERENCES `knowledge_data` (`knowledge_id`);

--
-- Constraints for table `knowledge_data`
--
ALTER TABLE `knowledge_data`
  ADD CONSTRAINT `knowledge_data_ibfk_1` FOREIGN KEY (`user_id`) REFERENCES `users` (`user_id`);
COMMIT;

/*!40101 SET CHARACTER_SET_CLIENT=@OLD_CHARACTER_SET_CLIENT */;
/*!40101 SET CHARACTER_SET_RESULTS=@OLD_CHARACTER_SET_RESULTS */;
/*!40101 SET COLLATION_CONNECTION=@OLD_COLLATION_CONNECTION */;
